{
  "project_info": {
    "project_number": "280483830227",
    "firebase_url": "https://lilys-aaf3d.firebaseio.com",
    "project_id": "lilys-aaf3d",
    "storage_bucket": "lilys-aaf3d.appspot.com"
  },
  "client": [
    {
      "client_info": {
        "mobilesdk_app_id": "1:280483830227:android:4ce10b8a633690f2",
        "android_client_info": {
          "package_name": "com.lilyondroid.lily"
        }
      },
      "oauth_client": [
        {
          "client_id": "280483830227-m6jh25r43sm0lfb84s0s159h0850b5m7.apps.googleusercontent.com",
          "client_type": 3
        }
      ],
      "api_key": [
        {
          "current_key": "AIzaSyAS5tsp5A4emmBKkBj3PLc9qRm99LTax6g"
        }
      ],
      "services": {
        "analytics_service": {
          "status": 1
        },
        "appinvite_service": {
          "status": 1,
          "other_platform_oauth_client": []
        },
        "ads_service": {
          "status": 2
        }
      }
    }
  ],
  "configuration_version": "1"
}